Task ID,Created At,Completed At,Last Modified,Name,Section/Column,Assignee,Assignee Email,Start Date,Due Date,Tags,Notes,Projects,Parent task,Blocked By (Dependencies),Blocking (Dependencies),OBSERVATONS ,COMENTARIOS,octobre
1205663105048763,2023-11-05,,2023-11-17,RECTA FINAL : ,Untitled section,,,,2023-11-17,,"

4. Instalación eléctrica de área social 

B. Cocina 
5. Limpiado de techo de pintura y de paredes con pintura 
6. Limpiado de adoquín ladrillo circular 
7. Limpiado de gas 
8. Limpiado de enchapado de poseta negra 
9. Emparejado de textura y color en pared de lavandería 
10. Aplicación de acronal en todas las paredes de la cocina , para el no desmoronamiento y sucedías de muros , tanto arriba como abajo . 
11. Dilatación echa con pulidora entre la unión de pared y el adoquín circular . 

12. Instalación eléctrica de cocina ( 4 lámparas en corredor , 4 lámparas en áreas de coxion , cintas led y neon ) 

13. Instalación de campaña 

14. Instalación de extractor 

15. Pintura emparejada de todo el techo 

D. Corredores ; 
15. Pinturas de textos y paredes 

16. Relleno de hueco a el lado del bano 

17. Instalación de puertas 

E. Habitación pequeña 
18. Pulida de techo 

19. Resane , estuco de pared en closet 

20. Pintura de closet 

21. Instalación de closet 

22 . Puesta de jarrones 

F. Habitación doble 
23. Lijada de paredes y cal blanca 

24. Pintada de matera 

25. Corrección de lámparas 
Actuales e instalación de las que hacen falta 

26. Instalación de mobiliario 

27. Pintura de closet interior 

28. Instalación de closet 

29. Trabar de hueco en vestier 

30. Pintura en vestier 

31 . Instalación de vestier 

32 . Pintura de baño 

33 instalación de iluminación de baño 

34. Cuadro en baño 

Escaleras 

35. Arreglo de vidrio en escaleras 

E. Cine 

35. Resane de paredes 

36. Pintura de paredes 

27 . Quitada de elementos de dry walk 

28 limpieza de techo y de pintura en bordes 

29. Estuco y lijada de borde en vidrio que da hacia el vano del acceso 

30. Instalación luminarias de vano 

31. Instalación de mobiliario 

32. Instalación de iluminación 

33. Limpieza de vidrio de escaleras 

F. Habitacion principal : 
34 . Arreglo de enchape de piedra (no a lo que está haciendo Alejandro eso no ) 

35. Instalación de mobiliario 

36. Acabado de techo 

37.  Instalación de iluminación 

Vestier 

38 . A Alejandro no se le paga este techo , y pienso que se le debe cobrar la pintura para que otro lo arregle , 
Compra de perfiles para arreglar el techo por parte de install dry wall 
39 . Instalcion de mobiliario 
40. Instalación de vidrios 


G. BAÑO 
41 . Demolición de baño 
Estuvo rústico tipo piedra en ves de lo que está ahora . 

42. Evaluación de cómo alabar el enchapé caro 

43. Instalación de accesorios de baño 

44. Instalación de mueble 

45. Instalación de espejos 

46. Instalación sanitaria 

cierre do obra.


47. Recorrido por la casa revisando detalles 

48 . Correcciones de detalles 

49 . Puerta vidriera de balcón 

50. Pulida de piso y limpieza piso 

51. Limpieza a fondo de todo el apartamento 

52. Colocación de mobiliario 

53. Colocación de 70 plantas en la residencia 

54. colocación de detalles 

55. Limpieza general del apartamento 

56. Styling, toque finales para fotografias 

57. Entrega de apartamento 

58. Detalla miento con el cliente 

59. Corrección de detalles pedidos por el cliente . 

60. Arreglo de apartamento de alejandea vecina 

61. Limpieza de mobiliario Alejandra vecina 

62. Arreglo de piso unidad",ALUZINA WORKFLOW FOR EVERY PROJECT,,,,,,
1205663105048762,2023-10-03,,2023-10-25,Botanic arrival ,Untitled section,Aleja Guerra lotero,,,2023-10-25,,,ALUZINA WORKFLOW FOR EVERY PROJECT,,,,,,
1205663105048761,2023-10-03,,2023-10-18,KITCHEN ARRIVAL ,Untitled section,,,,2023-10-18,,,ALUZINA WORKFLOW FOR EVERY PROJECT,,,,,,
1205514217171320,2023-09-17,,2023-09-17,cotniue bathroom ,Untitled section,,,,2023-09-18,,,ALUZINA WORKFLOW FOR EVERY PROJECT,,,,,,
1205468771628062,2023-09-11,,2023-09-11,compra de,Untitled section,,,,2023-09-11,,,ALUZINA WORKFLOW FOR EVERY PROJECT,,,,,,
1205468771628061,2023-09-11,,2023-09-11,Fredi bano principal ,Untitled section,,,,2023-09-20,,,ALUZINA WORKFLOW FOR EVERY PROJECT,,,,,,
1205468771628060,2023-09-11,,2023-09-11,Enchape de dry wall y lavanderia l;,Untitled section,,,,2023-10-02,,,ALUZINA WORKFLOW FOR EVERY PROJECT,,,,,,
1205468771628057,2023-09-11,,2023-09-13,mesa de sala y comedor  ,Untitled section,,,,2023-09-11,,,ALUZINA WORKFLOW FOR EVERY PROJECT,,,,,,
1205443780389018,2023-09-07,,2023-09-17,ROCSANA BOTÁNICA,Untitled section,,,,2023-10-24,,,ALUZINA WORKFLOW FOR EVERY PROJECT,,,,,,
1205443780389017,2023-09-07,,2023-09-17,ROCSANA BOTÁNICA,Untitled section,,,,2023-10-23,,,ALUZINA WORKFLOW FOR EVERY PROJECT,,,,,,
1205443780389011,2023-09-07,,2023-09-17,ROCSANA BOTÁNICA,Untitled section,,,,2023-10-21,,,ALUZINA WORKFLOW FOR EVERY PROJECT,,,,,,
1205418913711871,2023-09-04,,2023-09-13,Fabricación de puerta y material de vidrio.,Untitled section,,,,2023-09-06,,,ALUZINA WORKFLOW FOR EVERY PROJECT,,,,,,
1205418913711870,2023-09-04,,2023-09-13,Comprar antigüedades,Untitled section,,,,2023-09-27,,,ALUZINA WORKFLOW FOR EVERY PROJECT,,,,,,
1205418913711869,2023-09-04,,2023-09-13,instalación de neón,Untitled section,,,,2023-10-02,,,ALUZINA WORKFLOW FOR EVERY PROJECT,,,,,,
1205418913711868,2023-09-04,,2023-09-13,Instalación de luminarias,Untitled section,,,,2023-09-29,,,ALUZINA WORKFLOW FOR EVERY PROJECT,,,,,,
1205418913711867,2023-09-04,,2023-09-13,Instalación de luminarias,Untitled section,,,,2023-09-28,,,ALUZINA WORKFLOW FOR EVERY PROJECT,,,,,,
1205418913711866,2023-09-04,,2023-09-13,Instalación de luminarias,Untitled section,,,,2023-09-27,,,ALUZINA WORKFLOW FOR EVERY PROJECT,,,,,,
1205418913711865,2023-09-04,,2023-09-13,Instalación de luminarias,Untitled section,,,,2023-09-26,,,ALUZINA WORKFLOW FOR EVERY PROJECT,,,,,,
1205418913711863,2023-09-04,,2023-09-13,Instalación de carpintería,Untitled section,,,,2023-10-02,,,ALUZINA WORKFLOW FOR EVERY PROJECT,,,,,,
1205418913711862,2023-09-04,,2023-09-04, ,Untitled section,,,,2023-09-21,,,ALUZINA WORKFLOW FOR EVERY PROJECT,,,,,,
1205418913711861,2023-09-04,,2023-09-13,Instalación de carpintería,Untitled section,,,,2023-09-29,,,ALUZINA WORKFLOW FOR EVERY PROJECT,,,,,,
1205418913711860,2023-09-04,,2023-09-13,Instalación de carpintería,Untitled section,,,,2023-09-28,,,ALUZINA WORKFLOW FOR EVERY PROJECT,,,,,,
1205418913711859,2023-09-04,,2023-09-13,Instalación de carpintería,Untitled section,,,,2023-09-27,,,ALUZINA WORKFLOW FOR EVERY PROJECT,,,,,,
1205418913711858,2023-09-04,,2023-09-13,Instalación de carpintería,Untitled section,,,,2023-09-26,,,ALUZINA WORKFLOW FOR EVERY PROJECT,,,,,,
1205418913711855,2023-09-04,,2023-09-13,arreglo de jacuzzi,Untitled section,,,,2023-09-28,,,ALUZINA WORKFLOW FOR EVERY PROJECT,,,,,,
1205418337065820,2023-09-04,2023-09-11,2023-09-13,suscripción hamaca para fabricación 1 mes,Untitled section,Aleja Guerra lotero,,,2023-09-05,,,ALUZINA WORKFLOW FOR EVERY PROJECT,,,,,,
1205417423449344,2023-09-04,,2023-09-13,anticipo de pago de lumnacon,Untitled section,,,,2023-09-04,,,ALUZINA WORKFLOW FOR EVERY PROJECT,,,,,,
1205417423449342,2023-09-04,,2023-09-13,anticipo de pago del sofá,Untitled section,,,,2023-09-14,,,ALUZINA WORKFLOW FOR EVERY PROJECT,,,,,,
1205409114879256,2023-09-02,,2023-09-02,jg,Untitled section,,,,2023-09-02,,,ALUZINA WORKFLOW FOR EVERY PROJECT,,,,,,
1205409114577487,2023-09-02,,2023-09-13,pago de chapa negra,Untitled section,Aleja Guerra lotero,,,2023-09-01,,,ALUZINA WORKFLOW FOR EVERY PROJECT,,,,,,
1205409114577486,2023-09-02,,2023-09-13,pago por material de habitación principal decorceramica,Untitled section,Aleja Guerra lotero,,,2023-09-01,,,ALUZINA WORKFLOW FOR EVERY PROJECT,,,,,,
1205409114577478,2023-09-02,,2023-09-13,acabado del primer piso,Untitled section,,,,2023-08-30,,,ALUZINA WORKFLOW FOR EVERY PROJECT,,,,,,
1205409114577477,2023-09-02,,2023-09-13,instalación de sanitarios,Untitled section,,,,2023-08-31,,,ALUZINA WORKFLOW FOR EVERY PROJECT,,,,,,
1205409114577476,2023-09-02,,2023-09-13,chapa de baño,Untitled section,,,,2023-08-28,,,ALUZINA WORKFLOW FOR EVERY PROJECT,,,,,,
1205409114577475,2023-09-02,,2023-09-13,chapa de baño,Untitled section,,,,2023-08-29,,,ALUZINA WORKFLOW FOR EVERY PROJECT,,,,,,
1205409114577474,2023-09-02,,2023-09-13,chapa de baño,Untitled section,,,,2023-08-30,,,ALUZINA WORKFLOW FOR EVERY PROJECT,,,,,,
1205409114577473,2023-09-02,,2023-09-13,Instalación Federico Piso terraza,Untitled section,,,,2023-10-02,,,ALUZINA WORKFLOW FOR EVERY PROJECT,,,,,,
1205403901458239,2023-09-01,,2023-09-13,Instalación de enchapados de piedra en habitación principal fg,Untitled section,,,,2023-09-25,,,ALUZINA WORKFLOW FOR EVERY PROJECT,,,,,,
1205403901458238,2023-09-01,,2023-09-13,yafas cuadro habitacion pequeña hg,Untitled section,,,,2023-09-25,,,ALUZINA WORKFLOW FOR EVERY PROJECT,,,,,,
1205403901458236,2023-09-01,,2023-09-13,pintura de habitación pequeña de yafas,Untitled section,,,,2023-09-26,,,ALUZINA WORKFLOW FOR EVERY PROJECT,,,,,,
1205403901458235,2023-09-01,,2023-09-13,Nebulosa de entrada habitación pequeña cama contra la pared,Untitled section,,,,2023-09-25,,,ALUZINA WORKFLOW FOR EVERY PROJECT,,,,,,
1205403901458233,2023-09-01,,2023-09-01,Instalacion de muro catalan ,Untitled section,,,,2023-09-25,,,ALUZINA WORKFLOW FOR EVERY PROJECT,,,,,,
1205403901458232,2023-09-01,,2023-09-11,Corte de Tablilla de techo ,Untitled section,,,,2023-09-25,,,ALUZINA WORKFLOW FOR EVERY PROJECT,,,,,,
1205403901458231,2023-09-01,,2023-09-11,Instalacion de tragaluces  ,Untitled section,,,,2023-09-26,,,ALUZINA WORKFLOW FOR EVERY PROJECT,,,,,,
1205403901458230,2023-09-01,,2023-09-01,d,Untitled section,,,,2023-09-08,,,ALUZINA WORKFLOW FOR EVERY PROJECT,,,,,,
1205321574144872,2023-08-21,,2023-08-24,Mobiliario y botanica compras ,Untitled section,,,,2023-08-24,,,ALUZINA WORKFLOW FOR EVERY PROJECT,,,,,,
1205321570479136,2023-08-21,,2023-08-24,Termina andres de sacar escombros y demoler ,Untitled section,,,,2023-08-24,,,ALUZINA WORKFLOW FOR EVERY PROJECT,,,,,,
1205321570479133,2023-08-21,,2023-08-23,Segumento de muro a fredy y acabado en bano principal,Untitled section,,,,2023-08-23,,,ALUZINA WORKFLOW FOR EVERY PROJECT,,,,,,
1205310461218413,2023-08-21,,2023-08-21,reunion alejandra y orion 3d finales ,Untitled section,Aleja Guerra lotero,,,2023-08-21,,,ALUZINA WORKFLOW FOR EVERY PROJECT,,,,,,
1205310461218411,2023-08-21,,2023-08-21,Definicion alejandra de trabajdores y de iluminacion ,Untitled section,Aleja Guerra lotero,,,2023-08-21,,,ALUZINA WORKFLOW FOR EVERY PROJECT,,,,,,
1205310461218408,2023-08-21,,2023-08-22,cotizacion final tragaluces cocina propuesta confrome plano cocina,Untitled section,,,,2023-08-22,,,ALUZINA WORKFLOW FOR EVERY PROJECT,,,,,,
1203406532876550,2023-08-21,,2023-08-22,"Muro de habitación principal muestra Alejandro , la idea es tener esta pared lista antes que no podamos entrar a el apartamento . Debemos decidir el acabdo si no contacto una empresa que cotice , tenemos martes , miércoles y jueves para terminarla ",Untitled section,,,,2023-08-22,,,ALUZINA WORKFLOW FOR EVERY PROJECT,,,,,,
1203406532876549,2023-08-21,,2023-08-21,Prueba de acabado para habitación principal Alejandro y despejada de baño principal para acabado ,Untitled section,,,,,,,ALUZINA WORKFLOW FOR EVERY PROJECT,,,,,,
1203406532876548,2023-08-21,,2023-08-22,Conexión de tubos para riego de plantas en 4 áreas ,Untitled section,,,,2023-08-22,,,ALUZINA WORKFLOW FOR EVERY PROJECT,,,,,,
1205114661881663,2023-07-21,2023-07-25,2023-08-07,Detalles importantes del cliente,INFORMACION DE CLIENTE,,,,2023-07-01,,,ALUZINA WORKFLOW FOR EVERY PROJECT,,,,,,
1205224062304788,2023-08-07,,2023-08-07,JOE AND CHUCHO ,INFORMACION DE CLIENTE,,,,,,Please upload a picture of you and chucho 🙂,ALUZINA WORKFLOW FOR EVERY PROJECT,,,,,,
1205114661881672,2023-07-21,2023-08-07,2023-08-07,Instalarse en el sistema ,INTRODUCCION,Aleja Guerra lotero,,,2023-07-15,,,ALUZINA WORKFLOW FOR EVERY PROJECT,,,,,,
1205114661881675,2023-07-21,2023-08-07,2023-08-07,Establecer fechas importantes ,INTRODUCCION,,,,2023-07-15,,,ALUZINA WORKFLOW FOR EVERY PROJECT,,,,,,
1205224062304757,2023-08-07,2023-08-07,2026-05-17,Establecer documento compartidos con clientes ,INTRODUCCION,Aleja Guerra lotero,,,2023-08-07,,,ALUZINA WORKFLOW FOR EVERY PROJECT,,,,,,
1205224062304760,2023-08-07,,2023-08-07,Carpeta en dropbox con actualizacion de imagenes y planos ,,,,,,,,,Establecer documento compartidos con clientes ,,,,,
1205224062304761,2023-08-07,,2023-08-07,CONTROL FINANCIERO GOOGLE DRIVE ,,,,,,,,,Establecer documento compartidos con clientes ,,,,,
1205224062304793,2023-08-07,,2023-08-07,ASANA flujo de trabajo ,,,,,,,,,Establecer documento compartidos con clientes ,,,,,
1205224062304773,2023-08-07,,2023-09-17,Administración de pagos primeros 5 días del mes 8.000.000 ocho millones,PAGOS DE CLIENTES,,,,2023-08-05,,,ALUZINA WORKFLOW FOR EVERY PROJECT,,,,We think that this service will be need it for only one month more ,,
1205224062304775,2023-08-07,2023-08-07,2023-09-17,Primer pago de diseño de interiores junio 6.333.000,PAGOS DE CLIENTES,,,,2023-07-05,,,ALUZINA WORKFLOW FOR EVERY PROJECT,,,,,,
1205224062304777,2023-08-07,2023-08-07,2023-09-17,Diseño de interiores segundo pago julio 6.333.000,PAGOS DE CLIENTES,,,,2023-07-19,,,ALUZINA WORKFLOW FOR EVERY PROJECT,,,,,,
1205224062304779,2023-08-07,2023-08-24,2023-09-17,Tercer y último diseño de pago 6.333.000,PAGOS DE CLIENTES,,,,2023-08-09,,,ALUZINA WORKFLOW FOR EVERY PROJECT,,,,,,
1205403901458228,2023-09-01,,2023-09-01,mv,PAGOS DE CLIENTES,,,,,,,ALUZINA WORKFLOW FOR EVERY PROJECT,,,,,,
1205097219453590,2023-07-19,2023-11-06,2023-11-06,1. Investigacion,DISEÑO,Aleja Guerra lotero,,,2023-07-02,,,ALUZINA WORKFLOW FOR EVERY PROJECT,,,,,,
1205097219453592,2023-07-19,2023-07-21,2023-07-21,2. Conceptualizacion ,DISEÑO,Aleja Guerra lotero,,,2023-07-05,,,ALUZINA WORKFLOW FOR EVERY PROJECT,,,,,,
1205097219453594,2023-07-19,2023-07-21,2023-07-21,3. 2D Acad Model,DISEÑO,,,,2023-07-21,,,ALUZINA WORKFLOW FOR EVERY PROJECT,,,,,,
1205097219453596,2023-07-19,2023-07-21,2026-05-17,4. Definir zonas y areas ,DISEÑO,Aleja Guerra lotero,,,2023-07-05,,,ALUZINA WORKFLOW FOR EVERY PROJECT,,,,,,
1205097219453616,2023-07-19,,2023-07-19,ZONAS:   ,,,,,,,,,4. Definir zonas y areas ,,,,,
1205097219453617,2023-07-19,,2023-07-19,AREAS:,,,,,,,,,4. Definir zonas y areas ,,,,,
1205097219453598,2023-07-19,2023-07-24,2023-07-24,5. Experiencia de Usuario en cada espacio ,DISEÑO,Aleja Guerra lotero,,,2023-07-20,,,ALUZINA WORKFLOW FOR EVERY PROJECT,,,,,,"M, T, W"
1205098053349085,2023-07-19,2023-07-24,2023-07-24,6. PRIMERA REUNION DE DISEÑO CON EL CLIENTE ,DISEÑO,Aleja Guerra lotero,,,2023-07-07,,"La primera reunion con el cliente es donde se migra toda la informacion de diseno para darle el marco de diseno encontrar en que se encuentra el cliente de acuerdo y que no , para alinearnos con sus espectativas y el con las nuestras. El material debe ser suficiente para permitirle a el estudio desarrollar todos los espacios ACERTIVAMENTE bajo el ESTILO Y REQUERIMIENTO DEL CLIENTE ",ALUZINA WORKFLOW FOR EVERY PROJECT,,,,,,
1205098078823079,2023-07-19,,2026-05-17,7.Ubicar el punto del proceso en el que vamos en la presentacion con cliente,,,,,,,,,6. PRIMERA REUNION DE DISEÑO CON EL CLIENTE ,,,,,
1205098078823071,2023-07-19,2023-07-31,2026-05-17, 8. MOOD BOARD ,,Aleja Guerra lotero,,,2023-07-07,,,,6. PRIMERA REUNION DE DISEÑO CON EL CLIENTE ,,,,,
1205103383171269,2023-07-20,,2023-07-20,A. COLORES ,,,,,,,,, 8. MOOD BOARD ,,,,,
1205103383171270,2023-07-20,,2023-07-20,B. MATERIALES ,,,,,,,,, 8. MOOD BOARD ,,,,,
1205103383173310,2023-07-20,,2023-07-20,C. IMAGEN RELEVANTE ,,,,,,,,, 8. MOOD BOARD ,,,,,
1205103383173312,2023-07-20,,2023-07-20,D. TEXTURAS ,,,,,,,,, 8. MOOD BOARD ,,,,,
1205098053349091,2023-07-19,2023-07-31,2023-07-31,"9. Buscar los referentes que se adaptan a cada espacio , realizar algunos sketch para profundizar en el estilo de cada espacio .",,,,,2023-07-07,,,,6. PRIMERA REUNION DE DISEÑO CON EL CLIENTE ,,,,,
1205098054119084,2023-07-19,,2023-07-20,ZONE 1  : Entrada ,,,,,,,,,"9. Buscar los referentes que se adaptan a cada espacio , realizar algunos sketch para profundizar en el estilo de cada espacio .",,,,,
1205098054119088,2023-07-19,,2023-07-20,ZONE 2  : Comedor  ,,,,,,,,,"9. Buscar los referentes que se adaptan a cada espacio , realizar algunos sketch para profundizar en el estilo de cada espacio .",,,,,
1205098054119092,2023-07-19,,2023-07-20,ZONE 3 : Balcon ,,,,,,,,,"9. Buscar los referentes que se adaptan a cada espacio , realizar algunos sketch para profundizar en el estilo de cada espacio .",,,,,
1205098054119096,2023-07-19,,2023-07-20,ZONE 4 : Sala  ,,,,,,,,,"9. Buscar los referentes que se adaptan a cada espacio , realizar algunos sketch para profundizar en el estilo de cada espacio .",,,,,
1205098054119100,2023-07-19,,2023-07-20,ZONE  5: Cocina  ,,,,,,,,,"9. Buscar los referentes que se adaptan a cada espacio , realizar algunos sketch para profundizar en el estilo de cada espacio .",,,,,
1205098054119104,2023-07-19,,2023-07-19,MODUL 1.  ISLAN,,,,,,,,,ZONE  5: Cocina  ,,,,,
1205098054119108,2023-07-19,,2023-07-19,MODUL 2.  SHELVES / SAVERS / OVEN,,,,,,,,,ZONE  5: Cocina  ,,,,,
1205098054119112,2023-07-19,,2023-07-19,MODUL 3. GARDEN ,,,,,,,,,ZONE  5: Cocina  ,,,,,
1205098054147279,2023-07-19,,2023-07-19,MODUL 4. cupboard,,,,,,,,,ZONE  5: Cocina  ,,,,,
1205098054147283,2023-07-19,,2023-07-19,MODUL 5. LOUNDRY ,,,,,,,,,ZONE  5: Cocina  ,,,,,
1205098054147287,2023-07-19,,2023-07-20,ZONE 6 . Habitacion para Invitados / Estudio ,,,,,,,,,"9. Buscar los referentes que se adaptan a cada espacio , realizar algunos sketch para profundizar en el estilo de cada espacio .",,,,,
1205098054147291,2023-07-19,,2023-07-19,1. ROOM ,,,,,,,,,ZONE 6 . Habitacion para Invitados / Estudio ,,,,,
1205098054147295,2023-07-19,,2023-07-19,2. BATH ROOM ,,,,,,,,,ZONE 6 . Habitacion para Invitados / Estudio ,,,,,
1205098054147299,2023-07-19,,2023-07-19,3. STUDI ,,,,,,,,,ZONE 6 . Habitacion para Invitados / Estudio ,,,,,
1205098054147303,2023-07-19,,2023-07-20,ZONE 7 : Area del Bar ,,,,,,,,,"9. Buscar los referentes que se adaptan a cada espacio , realizar algunos sketch para profundizar en el estilo de cada espacio .",,,,,
1205098054147307,2023-07-19,,2023-07-20,ZONE 8 : Bano social,,,,,,,,,"9. Buscar los referentes que se adaptan a cada espacio , realizar algunos sketch para profundizar en el estilo de cada espacio .",,,,,
1205098054170285,2023-07-19,,2023-07-20,ZONE 9  : Habitacion principal  ,,,,,,,,,"9. Buscar los referentes que se adaptan a cada espacio , realizar algunos sketch para profundizar en el estilo de cada espacio .",,,,,
1205098054170289,2023-07-19,,2023-07-19,1. BATH ROOM ,,,,,,,,,ZONE 9  : Habitacion principal  ,,,,,
1205098054170293,2023-07-19,,2023-07-19,2. FITTING ROOM,,,,,,,,,ZONE 9  : Habitacion principal  ,,,,,
1205098054170297,2023-07-19,,2023-07-20,ZONE 10 : Cine  ,,,,,,,,,"9. Buscar los referentes que se adaptan a cada espacio , realizar algunos sketch para profundizar en el estilo de cada espacio .",,,,,
1205103383171249,2023-07-20,,2023-07-20,ZONA 11 : Terraza,,,,,,,,,"9. Buscar los referentes que se adaptan a cada espacio , realizar algunos sketch para profundizar en el estilo de cada espacio .",,,,,
1205098078823067,2023-07-19,2023-07-31,2023-07-31,10. Esquema de referencia de la intencion de Iluminacion  ,,,,,2023-07-07,,,,6. PRIMERA REUNION DE DISEÑO CON EL CLIENTE ,,,,,
1205098078823075,2023-07-19,2023-07-31,2023-07-31,11. Alsado tridimencional  del espacio interior para tener el contenedor  ,,,,,2023-07-10,,,,6. PRIMERA REUNION DE DISEÑO CON EL CLIENTE ,,,,,
1205098078823087,2023-07-19,,2026-05-17,7. SEGUNDA REUNION DE DISENO CON EL CLIENTE ,DISEÑO,,,,2023-08-11,,,ALUZINA WORKFLOW FOR EVERY PROJECT,,,,,,
1205103383173317,2023-07-20,,2023-07-20,12. Ubicar el punto del proceso en el que vamos en la presentacion con cliente,,,,,,,,,7. SEGUNDA REUNION DE DISENO CON EL CLIENTE ,,,,,
1205098078823093,2023-07-19,,2023-07-20,13. Modelado tridimencional del diseno ,,,,,,,,,7. SEGUNDA REUNION DE DISENO CON EL CLIENTE ,,,,,
1205098079677393,2023-07-19,,2026-05-17,13. 1  MODELADO DE CADA ESPACIO DE PRIMERA PLANTA ,,,,,2023-07-22,,"Acabados , cerramientos , techos , instalaciones electricas ",,13. Modelado tridimencional del diseno ,,,,,
1205098079677397,2023-07-19,,2026-05-17,13. 2  2D planos del espacio con todo especificado  ,,,,,,,,,13. Modelado tridimencional del diseno ,,,,,
1205103383171258,2023-07-20,,2023-07-22,"PLANTA DE PRIMER PISO Con mobiliario , con cocina, alacena  y lavanderia para descripcion de material y detalles del espacio   ",,,,,2023-07-22,,,,13. 2  2D planos del espacio con todo especificado  ,,,,,
1205103383171259,2023-07-20,2023-07-21,2023-07-21,"Planta de cocina con todo los detalles en planta y 2 cortes , subir la imagen de los materiales y detalles importantes ",,,,,2023-07-21,,,,13. 2  2D planos del espacio con todo especificado  ,,,,,
1205098079677401,2023-07-19,,2026-05-17,13. 3 Diseño de mobiliario que se va a fabrir modelo 3d para aprobacion ,,,,,2023-07-21,,,,13. Modelado tridimencional del diseno ,,,,,
1205103383173320,2023-07-20,,2023-07-20,a. Banca de balcon,,,,,,,,,13. 3 Diseño de mobiliario que se va a fabrir modelo 3d para aprobacion ,,,,,
1205103383173321,2023-07-20,,2023-07-20,"b. Base de las materas las cuales previamente seran enchapadas con bloques de concreto , que van a recibir agua y que tienen doble canala para instalacion de luz superior e instalacion de luz inferior . Instalacion en pared y perforaciones para acople de luz con tranformador ",,,,,,,,,13. 3 Diseño de mobiliario que se va a fabrir modelo 3d para aprobacion ,,,,,
1205103383173322,2023-07-20,,2023-07-20,"c. Habitacion de Invitados , Cama, Mesa de estudio , Pared y techo en madera , ",,,,,,,,,13. 3 Diseño de mobiliario que se va a fabrir modelo 3d para aprobacion ,,,,,
1205103383173323,2023-07-20,,2023-07-20,"d. Bar de habiatacion secundaria llamada bar , en metal y mesa de barra para preparacion de cocteles y sentarse a jugar juegos de mesa ",,,,,,,,,13. 3 Diseño de mobiliario que se va a fabrir modelo 3d para aprobacion ,,,,,
1205103383173324,2023-07-20,,2023-07-20,e. Mueble de cine ,,,,,,,,,13. 3 Diseño de mobiliario que se va a fabrir modelo 3d para aprobacion ,,,,,
1205103383173325,2023-07-20,,2023-07-20,"F. Acabado de paredes en habitacion prinicpal , laterales en hierro y espaladar en tablillas de madera ",,,,,,,,,13. 3 Diseño de mobiliario que se va a fabrir modelo 3d para aprobacion ,,,,,
1205103383173326,2023-07-20,,2023-07-20,g. Cama y nocheros de habiatacion ,,,,,,,,,13. 3 Diseño de mobiliario que se va a fabrir modelo 3d para aprobacion ,,,,,
1205103383173327,2023-07-20,,2023-07-20,h. Movencion de puerta de vestier y ajuste de entrepanos ,,,,,,,,,13. 3 Diseño de mobiliario que se va a fabrir modelo 3d para aprobacion ,,,,,
1205103383171265,2023-07-20,,2023-07-20,13. 4 Especificacion de mobilairio y detalles que se van a comprar ,,,,,,,,,13. Modelado tridimencional del diseno ,,,,,
1205098079677405,2023-07-19,,2026-05-17,13. DISENO A PROFUNDIDAD DE CADA ESPACIO ,,,,,,,Cada uno de las estancias dentro del espacio llevan la descripcion de los puntos aca descritos ,,7. SEGUNDA REUNION DE DISENO CON EL CLIENTE ,,,,,
1205098079677413,2023-07-19,,2023-07-20,1. Atmosfera,,,,,,,,,13. DISENO A PROFUNDIDAD DE CADA ESPACIO ,,,,,
1205098079677417,2023-07-19,,2023-07-20,2. Circulacion ,,,,,,,,,13. DISENO A PROFUNDIDAD DE CADA ESPACIO ,,,,,
1205098079677421,2023-07-19,,2023-07-20,3. Ventilacion natural yartificial ,,,,,,,,,13. DISENO A PROFUNDIDAD DE CADA ESPACIO ,,,,,
1205098079696735,2023-07-19,,2023-07-20,4. Iluminacion  natural y artificial ,,,,,,,,,13. DISENO A PROFUNDIDAD DE CADA ESPACIO ,,,,,
1205097951984439,2023-07-19,,2023-07-20,5. Cerramientos ,,,,,,,,,13. DISENO A PROFUNDIDAD DE CADA ESPACIO ,,,,,
1205097951984443,2023-07-19,,2023-07-19, 6. Color,,,,,,,,,13. DISENO A PROFUNDIDAD DE CADA ESPACIO ,,,,,
1205097951984447,2023-07-19,,2023-07-20,7. Acabados ,,,,,,,,,13. DISENO A PROFUNDIDAD DE CADA ESPACIO ,,,,,
1205097951984451,2023-07-19,,2023-07-20,8. Mobiliario,,,,,,,,,13. DISENO A PROFUNDIDAD DE CADA ESPACIO ,,,,,
1205097951984455,2023-07-19,,2023-07-20,9. Detalles ,,,,,,,,,13. DISENO A PROFUNDIDAD DE CADA ESPACIO ,,,,,
1205103383171267,2023-07-20,,2023-07-20,"14. MIGRAR las imagenes 3d con nuestro diseno a la presentacion , remplazando los referentes por las creaciones del estudio. ",,,,,,,,,7. SEGUNDA REUNION DE DISENO CON EL CLIENTE ,,,,,
1205224062304744,2023-08-07,,2026-05-17,15. DISENO LUMINICO ,,Aleja Guerra lotero,,,2023-08-07,,,,7. SEGUNDA REUNION DE DISENO CON EL CLIENTE ,,,,,
1205224062304746,2023-08-07,,2023-08-07,Diseno luminico en cuanto a requerimientos y sensaciones ,,Aleja Guerra lotero,,,2023-08-01,,,,15. DISENO LUMINICO ,,,,,
1205224062304748,2023-08-07,,2023-08-07,Plano electrico ,,Aleja Guerra lotero,,,2023-08-07,,,,15. DISENO LUMINICO ,,,,,
1205224062304750,2023-08-07,,2023-08-09,Luminarias en cada espacio descrita,,Aleja Guerra lotero,,,2023-08-09,,,,15. DISENO LUMINICO ,,,,,
1205224062304755,2023-08-07,,2023-08-10,Plano luminico entero ,,Aleja Guerra lotero,,,2023-08-10,,,,15. DISENO LUMINICO ,,,,,
1205097951984459,2023-07-19,,2023-08-07,8.ENVIO DE PRESENTACION ,DISEÑO,Aleja Guerra lotero,,,2023-07-28,,,ALUZINA WORKFLOW FOR EVERY PROJECT,,,,,,
1205097953465976,2023-07-19,,2023-07-20, ,,,,,,,,,8.ENVIO DE PRESENTACION ,,,,,
1205097953465980,2023-07-19,,2023-07-19,Entrega de modelo 3D,,,,,,,,, ,,,,,
1205169380382944,2023-07-31,,2023-08-20,9.DISEÑO LUMINICO ,DISEÑO,,,,2023-07-31,,"Plano Electrico 

",ALUZINA WORKFLOW FOR EVERY PROJECT,,,,,,
1205234511572608,2023-08-08,,2026-05-18,10.DISENOS REQUERIDOS PARA SEMCO ,DISEÑO,,,,2023-08-22,,,ALUZINA WORKFLOW FOR EVERY PROJECT,,,,,,
1205309163474017,2023-08-20,,2023-08-22,Plano y ejecucion de elemento para hacer la matera en sala ,,,,,2023-08-22,,,,10.DISENOS REQUERIDOS PARA SEMCO ,,,,,
1205309163474019,2023-08-20,,2023-08-23,plano detallado para produccion de cama ,,,,,2023-08-23,,,,10.DISENOS REQUERIDOS PARA SEMCO ,,,,,
1205309163474021,2023-08-20,,2023-09-08,Produccion de cama en vigilancia a quien la produzca ,,,,,2023-09-08,,,,10.DISENOS REQUERIDOS PARA SEMCO ,,,,,
1205309163474022,2023-08-20,,2023-08-25,Puerta de bano y mueble de lavamanos ,,,,,2023-08-25,,,,10.DISENOS REQUERIDOS PARA SEMCO ,,,,,
1205309234370011,2023-08-20,,2023-08-20,10.DISENOS REQUERIDOS PARA SEMCO ,DISEÑO,,,,,,"    Plano y ejecucion de elemento para hacer la matera en sala 
    plano detallado para produccion de cama 
",ALUZINA WORKFLOW FOR EVERY PROJECT,,,,,,
1205128562005919,2023-07-24,2023-08-07,2023-08-07,Estructuracion de asana de produccion ,PLANEACION,Aleja Guerra lotero,,,2023-07-25,,,ALUZINA WORKFLOW FOR EVERY PROJECT,,,,,,
1205128566436399,2023-07-24,,2026-05-17,Cronograma de trabajo ,PLANEACION,,,,2023-08-07,,,ALUZINA WORKFLOW FOR EVERY PROJECT,,,,,,
1205227750403323,2023-08-07,,2023-08-07,ASANA COMPARTIDO CON CLIENTE ,,Aleja Guerra lotero,,,2023-08-07,,,,Cronograma de trabajo ,,,,,
1205227750403324,2023-08-07,,2023-08-10,EXCEL CON REPORTE GENERAL ,,,,,2023-08-10,,,,Cronograma de trabajo ,,,,,
1205169383327396,2023-07-31,,2023-08-03,REUNION SEMANAL lunes ,PLANEACION,,,,2023-07-31,,,ALUZINA WORKFLOW FOR EVERY PROJECT,,,,,Listo lunes a las 9 am,
1205097219453601,2023-07-19,2023-08-07,2026-05-17,1.Todos los elementos de diseno migrados a EXCEL a la cotizacion formal ,COTIZACION,,,,2023-08-02,,,ALUZINA WORKFLOW FOR EVERY PROJECT,,,,,,
1205097219453603,2023-07-19,,2023-07-20,2. Contactar los proveedores de cada elemento de obra con las especificaciones de diseno para que hagan sus cotizaciones ,COTIZACION,,,,,,,ALUZINA WORKFLOW FOR EVERY PROJECT,,,,,,
1205098053822782,2023-07-19,,2023-07-25,PROVEDORES ,,,,,,,,,2. Contactar los proveedores de cada elemento de obra con las especificaciones de diseno para que hagan sus cotizaciones ,,,,,
1205098053822786,2023-07-19,,2023-07-19,1. Demolition,,,,,,,,,PROVEDORES ,,,,,
1205098053822790,2023-07-19,,2023-07-19,2. Plumber ,,,,,,,,,PROVEDORES ,,,,,
1205098053822794,2023-07-19,,2023-07-19,3. Electrician,,,,,,,,,PROVEDORES ,,,,,
1205098054430590,2023-07-19,,2023-07-19,4. Ceiling ,,,,,,,,,PROVEDORES ,,,,,
1205098054430594,2023-07-19,,2023-07-19,5. Floor ,,,,,,,,,PROVEDORES ,,,,,
1205098054430598,2023-07-19,,2023-07-19,"6. Builfer cement , drywall ",,,,,,,,,PROVEDORES ,,,,,
1205098054430602,2023-07-19,,2023-07-19,7. Plating,,,,,,,,,PROVEDORES ,,,,,
1205098054430606,2023-07-19,,2023-07-19,8. Dry wall,,,,,,,,,PROVEDORES ,,,,,
1205098054430610,2023-07-19,,2023-07-19,9. Instalation of elements ,,,,,,,,,PROVEDORES ,,,,,
1205098054430614,2023-07-19,,2023-07-19,10.Windows and doors ,,,,,,,,,PROVEDORES ,,,,,
1205098054430618,2023-07-19,,2023-07-19,11. Closing of everything ,,,,,,,,,PROVEDORES ,,,,,
1205098054447495,2023-07-19,,2023-07-19,12. wallpaper and painting ,,,,,,,,,PROVEDORES ,,,,,
1205098054447499,2023-07-19,,2023-07-19,13. Online buying,,,,,,,,,PROVEDORES ,,,,,
1205098054447503,2023-07-19,,2023-07-19,14. Lighting installation ,,,,,,,,,PROVEDORES ,,,,,
1205098054447507,2023-07-19,,2023-07-19,15. Wood and furniture ,,,,,,,,,PROVEDORES ,,,,,
1205097951624268,2023-07-19,,2023-07-19,16. Metalmecanic ,,,,,,,,,PROVEDORES ,,,,,
1205224062304710,2023-08-07,2023-08-17,2023-08-17,MOVENCION DE TODOS LOS ELEMENTOS EN CASA,PRODUCCION,,,,2023-08-11,,,ALUZINA WORKFLOW FOR EVERY PROJECT,,,,,,
1205227750403335,2023-08-07,2023-08-07,2023-08-07,LEVANTAMIENTO DE PISO ,,,,,,,,,MOVENCION DE TODOS LOS ELEMENTOS EN CASA,,,,,
1205224062304713,2023-08-07,2023-08-07,2023-08-07,ELECTRODOMESTICOS ,,,,,2023-08-04,,,,MOVENCION DE TODOS LOS ELEMENTOS EN CASA,,,,,
1205224062304714,2023-08-07,2023-08-07,2023-08-07,MOBILIARIO ,,,,,2023-08-10,,,,MOVENCION DE TODOS LOS ELEMENTOS EN CASA,,,,,
1205224062304715,2023-08-07,,2023-08-09,DESARMADO DE CLOSET ,,,,,2023-08-09,,,,MOVENCION DE TODOS LOS ELEMENTOS EN CASA,,,,,
1205103383173334,2023-07-20,2023-08-07,2023-08-07,0. Mantenimiento de techo ,PRODUCCION,,,,2023-07-28,,,ALUZINA WORKFLOW FOR EVERY PROJECT,,,,,,
1205097219453606,2023-07-19,2023-08-07,2023-08-07,1. Demolicion ,PRODUCCION,,,,2023-07-26,,,ALUZINA WORKFLOW FOR EVERY PROJECT,,,,,,
1205097953611003,2023-07-19,2023-07-25,2023-07-25,1. Cocina paredes   ,,,,,,,,,1. Demolicion ,,,,,
1205097953611007,2023-07-19,2023-07-25,2023-07-25,2. Cocina techo ,,,,,,,,,1. Demolicion ,,,,,
1205097953611011,2023-07-19,2023-07-25,2023-07-25,3. Bano social ,,,,,,,,,1. Demolicion ,,,,,
1205097953611015,2023-07-19,2023-07-25,2023-07-25,4.lavanderia ,,,,,,,,,1. Demolicion ,,,,,
1205097953611019,2023-07-19,,2023-07-20,5.Cielos razos de  de segundo piso ,,,,,,,,,1. Demolicion ,,,,,
1205097219453608,2023-07-19,,2023-07-25,2.  Canchados  ,PRODUCCION,,,,2023-07-25,,,ALUZINA WORKFLOW FOR EVERY PROJECT,,,,,,
1205097953611024,2023-07-19,,2023-07-21,1. Canchado para electricidad ,,,,,,,,,2.  Canchados  ,,,,,
1205097953611028,2023-07-19,,2023-07-20,2. Canchado para plomeria  ,,,,,,,,,2.  Canchados  ,,,,,
1205097953611032,2023-07-19,,2023-07-20,3. Canchado para Ventilacion  ,,,,,,,,,2.  Canchados  ,,,,,
1205097953637683,2023-07-19,,2023-07-20,4. Canchado para domotica ,,,,,,,,,2.  Canchados  ,,,,,
1205103383173344,2023-07-20,2023-08-07,2023-08-21,"3. Tirado de tuberias de ventilacion , de plomeria , y gas ",PRODUCCION,,,,2023-08-23,,,ALUZINA WORKFLOW FOR EVERY PROJECT,,,,,,
1205097219453610,2023-07-19,2023-08-07,2023-08-07,4. Mamposteria,PRODUCCION,,,,2023-08-21,,,ALUZINA WORKFLOW FOR EVERY PROJECT,,,,,,
1205097953637688,2023-07-19,,2023-07-20,1. Piso de concreto basiado ,,,,,2023-08-05,,,,4. Mamposteria,,,,,
1205097953637692,2023-07-19,,2023-07-25,2. PAREDES en ladrillo catalan y dry wall ,,,,,,,,,4. Mamposteria,,,,,
1205097953637696,2023-07-19,,2023-07-19,3. materas baño,,,,,,,,,4. Mamposteria,,,,,
1205097953156025,2023-07-19,,2023-07-19,4. luminarias en paredes,,,,,,,,,4. Mamposteria,,,,,
1205097219453612,2023-07-19,2023-08-07,2023-08-07,5. Contratacion de proveedores de metalmecanica y Carpinteria ,PRODUCCION,Aleja Guerra lotero,,,2023-07-25,,,ALUZINA WORKFLOW FOR EVERY PROJECT,,,,,,
1205097953156030,2023-07-19,,2023-08-24,1. Espejos  ,,,,,2023-08-24,,,,5. Contratacion de proveedores de metalmecanica y Carpinteria ,,,,,
1205097953156034,2023-07-19,,2023-07-27,"2. Materas de balcon , planos constructivos y de isntalacion , 3d ",,,,,2023-07-27,,,,5. Contratacion de proveedores de metalmecanica y Carpinteria ,,,,,
1205097953156038,2023-07-19,,2023-07-27,3. Transformacion de banca ,,,,,2023-07-27,,,,5. Contratacion de proveedores de metalmecanica y Carpinteria ,,,,,
1205097953156042,2023-07-19,,2023-07-25,4. Fabricacion de sofa  ,,,,,2023-07-25,,,,5. Contratacion de proveedores de metalmecanica y Carpinteria ,,,,,
1205097953156046,2023-07-19,,2023-07-19,5. Cristal element under the table ,,,,,,,,,5. Contratacion de proveedores de metalmecanica y Carpinteria ,,,,,
1205103383173360,2023-07-20,,2026-05-17,6.Puertas vidrierdas y tragaluces  ,PRODUCCION,,,,2023-07-31,,"https://app.asana.com/app/asana/-/get_asset?asset_id=1205136634761607

sketch de tragaluz 


https://app.asana.com/app/asana/-/get_asset?asset_id=1205136634761610




https://app.asana.com/app/asana/-/get_asset?asset_id=1205136634761612


",ALUZINA WORKFLOW FOR EVERY PROJECT,,,,,,
1205097219453614,2023-07-19,,2023-08-07,7. Botanica  ,PRODUCCION,,,,2023-07-31,,,ALUZINA WORKFLOW FOR EVERY PROJECT,,,,,,
1205224062304719,2023-08-07,,2023-08-07,LISTA ESPACIOS:,,,,,,,,,7. Botanica  ,,,,,
1205224062304720,2023-08-07,,2023-08-07,1. MURO LLORÓN,,,,,,,,,7. Botanica  ,,,,,
1205224062304721,2023-08-07,,2023-08-07,2. PLANTAS DE PISO ESPEJOS,,,,,,,,,7. Botanica  ,,,,,
1205224062304722,2023-08-07,,2023-08-07,3. BALCÓN: MATERA,,,,,,,,,7. Botanica  ,,,,,
1205224062304723,2023-08-07,,2023-08-07,4. SALA: JARDIN EXOTICO DE PISO,,,,,,,,,7. Botanica  ,,,,,
1205224062304724,2023-08-07,,2023-08-07,5. MESA CUADRO BOTÁNICO,,,,,,,,,7. Botanica  ,,,,,
1205224062304725,2023-08-07,,2023-08-07,6. COCINA JARDÍN AÉREO,,,,,,,,,7. Botanica  ,,,,,
1205224062304726,2023-08-07,,2023-08-07,7. COCINA CAMPANA,,,,,,,,,7. Botanica  ,,,,,
1205224062304727,2023-08-07,,2023-08-07,8. PLANTAS ENTREPAÑOS,,,,,,,,,7. Botanica  ,,,,,
1205224062304728,2023-08-07,,2023-08-07,9. HABITACION HUESPEDES. NICHO DE PLANTAS ELEGANTE QUE QUIEBRE ESPACIO,,,,,,,,,7. Botanica  ,,,,,
1205224062304729,2023-08-07,,2023-08-07,10. CINE ,,,,,,,,,7. Botanica  ,,,,,
1205224062304730,2023-08-07,,2023-08-07,11. ESPACIO PARA MEDITAR,,,,,,,,,7. Botanica  ,,,,,
1205224062304731,2023-08-07,,2023-08-07,12. TERRAZA,,,,,,,,,7. Botanica  ,,,,,
1205097953156051,2023-07-19,2023-08-07,2023-08-07,8. Plomeria  ,PRODUCCION,,,,2023-07-31,,,ALUZINA WORKFLOW FOR EVERY PROJECT,,,,,,
1205097953694250,2023-07-19,,2023-07-19,1. Kitchen ,,,,,,,,,8. Plomeria  ,,,,,
1205097953694254,2023-07-19,,2023-07-19,2. Point in the living room ,,,,,,,,,8. Plomeria  ,,,,,
1205097953694258,2023-07-19,,2023-07-19,3. Point in the balcony ,,,,,,,,,8. Plomeria  ,,,,,
1205097953694262,2023-07-19,,2023-07-19,4. puntos para aerea de servicio,,,,,,,,,8. Plomeria  ,,,,,
1205097953694266,2023-07-19,,2023-09-01,9.  jacuzzi  ,PRODUCCION,,,,2023-07-26,,,ALUZINA WORKFLOW FOR EVERY PROJECT,,,,,,
1205097951060792,2023-07-19,,2023-07-19,1. Empresa ,,,,,,,,,9.  jacuzzi  ,,,,,
1205097953752058,2023-07-19,,2026-05-17,10. Techos  ,PRODUCCION,,,,2023-07-31,,,ALUZINA WORKFLOW FOR EVERY PROJECT,,,,,,
1205103383173371,2023-07-20,2023-07-25,2023-07-25,1. Mantenimiento de techo ,,,,,,,,,10. Techos  ,,,,,
1205097953752062,2023-07-19,,2023-07-20,2. Unficacion de color de techo de cocina tipo Industrial antiguo ,,,,,,,,,10. Techos  ,,,,,
1205103383173373,2023-07-20,,2023-07-20,3. Construccion de casetones en habiatacion principal ,,,,,,,,,10. Techos  ,,,,,
1205103383173374,2023-07-20,,2023-07-20,4. Reposision de tablillas en mal estado en Techo de cine y color para todo ese sector ,,,,,,,,,10. Techos  ,,,,,
1205103383173375,2023-07-20,,2023-07-20,5. Instalacion de techo y pared de habiatacion de huespedes ,,,,,,,,,10. Techos  ,,,,,
1205097953752066,2023-07-19,,2023-08-07,11. ELECTRICIDAD ,PRODUCCION,Aleja Guerra lotero,,,2023-08-02,,,ALUZINA WORKFLOW FOR EVERY PROJECT,,,,,,
1205227750403328,2023-08-07,2023-08-07,2023-08-07,0. Camaras y chapa electrica ,,,,,,,,,11. ELECTRICIDAD ,,,,,
1205097953752070,2023-07-19,,2023-07-20,"1. Instalacion de tecnologia , puntos para televisores , camaras y proyectroes ",,,,,,,,,11. ELECTRICIDAD ,,,,,
1205097953752074,2023-07-19,,2023-07-20,2.Puntos para Bombillas  ,,,,,,,,,11. ELECTRICIDAD ,,,,,
1205097953752078,2023-07-19,,2023-07-20,3. 220 electricidad para equipos en cocina ,,,,,,,,,11. ELECTRICIDAD ,,,,,
1205097953752082,2023-07-19,,2023-08-07,4. Cableado electrico expuesto ,,Aleja Guerra lotero,,,2023-07-21,,,,11. ELECTRICIDAD ,,,,,
1205097953752086,2023-07-19,,2023-07-20,5. Adecuaciones electricas en cocina ,,,,,,,,,11. ELECTRICIDAD ,,,,,
1205097953774838,2023-07-19,,2023-07-20,6. Adecuaciones electricas en banos ,,,,,,,,,11. ELECTRICIDAD ,,,,,
1205097953774842,2023-07-19,2023-08-07,2023-08-07,7. Puntos electricos de cortinas  ,,,,,,,,,11. ELECTRICIDAD ,,,,,
1205097953774846,2023-07-19,,2023-07-20,8. Adecuacion de punto de luz para jabonero por lacer y aire en pared ,,,,,,,,,11. ELECTRICIDAD ,,,,,
1205097953774850,2023-07-19,,2023-07-20,9. Perfiles led con cinta led y tranformadores  ,,,,,,,,,11. ELECTRICIDAD ,,,,,
1205097953774854,2023-07-19,,2023-07-20,10. Luminarias decorativas  ,,,,,,,,,11. ELECTRICIDAD ,,,,,
1205103383173380,2023-07-20,,2023-07-20,11. Switches de toda la casa ,,,,,,,,,11. ELECTRICIDAD ,,,,,
1205097953774858,2023-07-19,,2026-05-18,12. PISOS y CAMA EN CONCRETO ,PRODUCCION,,,,2023-08-11,,,ALUZINA WORKFLOW FOR EVERY PROJECT,,,,,,
1205097949821073,2023-07-19,,2023-08-16,1.  Demolicion ,,,,,2023-08-14,,,,12. PISOS y CAMA EN CONCRETO ,,,,,
1205289654002786,2023-08-16,,2023-08-28,2. Semco basiado de concreto ,,,,,2023-08-28,,,,12. PISOS y CAMA EN CONCRETO ,,,,,
1205289654002789,2023-08-16,,2023-09-04,3.  Tiempo de fraguado,,,,,2023-09-04,,,,12. PISOS y CAMA EN CONCRETO ,,,,,
1205289654002790,2023-08-16,,2023-09-05,4.REINCORPORA LA OBRA CON PLASTCO Y CARTON ,,,,,2023-09-05,,,,12. PISOS y CAMA EN CONCRETO ,,,,,
1205097949821077,2023-07-19,,2023-09-06,2. Terraza federico ,,,,,2023-09-06,,,,12. PISOS y CAMA EN CONCRETO ,,,,,
1205234511572610,2023-08-08,,2023-09-06,"3. Guardaescobas en concreto , tipo piedra CONCRETO o madera",,,,,2023-09-06,,,,12. PISOS y CAMA EN CONCRETO ,,,,,
1205234511572611,2023-08-08,,2026-05-18,4. Disenos especializados jardineras y produccion cama ,,,,,2023-08-18,,"caceton jardinera>
elaborar caecton de icopor de 260x130x20cm 
elaborar corte de silueta segun planimetria
instalar en sitio

cama
elaborar planimetria del mueble
acompañar proceso de produccion
no incluye diseño de formaletas, ni produccion de cacetones",,12. PISOS y CAMA EN CONCRETO ,,,,,
1205097953858268,2023-07-19,,2026-07-28,13. COCINA  ,PRODUCCION,,,,2023-09-27,,,ALUZINA WORKFLOW FOR EVERY PROJECT,,,,,,
1205097953858272,2023-07-19,,2023-09-01,1. Compra de campana de extraccion y pozuelo ,,,,,2023-09-01,,,,13. COCINA  ,,,,,
1205097953858276,2023-07-19,2023-09-01,2023-09-01,2. Compra de canilla antigua oro desgastado para cocina ,,,,,,,,,13. COCINA  ,,,La cotización sería el pantallazo de Mercado Libre ,Para comprar sería directamente por Mercado Libre,
1205103383173391,2023-07-20,,2023-07-20,"4. Compra de ladrillo negro de decorceramica enviado a whatsapp referencia , ladrillo va como enchape de cocina y de parte de lavanderia ",,,,,,,,,13. COCINA  ,,,,,
1205103383173393,2023-07-20,2023-08-01,2023-08-01,5. Ubicar el cronograma de trabajo de la cocina dentro de este programa para integracion de todo el flujo de trabajo del equipo ALUZINA ,,,,,,,,,13. COCINA  ,,,,,
1205227750403332,2023-08-07,,2023-08-07, 14. INSTALACION Y APLICACION ACABADOS ,PRODUCCION,,,,2023-08-04,,En cada una de las actividades puedes poner si quieres las medidas o no la idea es que esta sea tu guia para que una ves este comprado se valla mostrando en el flujo de trabajo ,ALUZINA WORKFLOW FOR EVERY PROJECT,,,,,,
1205227766156190,2023-08-07,,2023-09-01,1. Instalacion Baldosa balcon alfa ,,,,,2023-09-01,,,, 14. INSTALACION Y APLICACION ACABADOS ,,,,,
1205227766156194,2023-08-07,,2023-08-07,2. Instalacion Ladrillo catalan ,,,,,,,,, 14. INSTALACION Y APLICACION ACABADOS ,,,,,
1205227766156198,2023-08-07,,2023-08-07,3. Instalacion Acabado bano mosagres ,,,,,,,,, 14. INSTALACION Y APLICACION ACABADOS ,,,,,
1205227647038443,2023-08-07,,2023-08-07,4. Instalacion AcBADO DE BANO PRINCIPAL Alfa ,,,,,,,,, 14. INSTALACION Y APLICACION ACABADOS ,,,,,
1205227647038447,2023-08-07,,2023-08-07,5. Instalacion Acabado tipo piedra  ,,,,,,,"https://app.asana.com/app/asana/-/get_asset?asset_id=1205227647038449

 Sorry te lo envie por whats app pero olvide ponerlo aca 

",, 14. INSTALACION Y APLICACION ACABADOS ,,,,,
1205227647038454,2023-08-07,,2023-08-07,6. Instalacion Papel colgadura ,,,,,2023-09-07,,,, 14. INSTALACION Y APLICACION ACABADOS ,,,,,
1205227647038457,2023-08-07,,2023-08-07,7. Instalacion Mural en habitacion secundaria  ,,,,,2023-09-07,,,, 14. INSTALACION Y APLICACION ACABADOS ,,,,,
1205227647038460,2023-08-07,,2023-09-14,8. Instalacion Pinturas colores y cantidades,,,,,2023-09-14,,,, 14. INSTALACION Y APLICACION ACABADOS ,,,,,
1205227647287848,2023-08-07,,2023-08-10,9. Instalacion Acabado en area social  ,,,,,2023-08-10,,,, 14. INSTALACION Y APLICACION ACABADOS ,,,,,
1205227647287852,2023-08-07,,2023-08-09,10. Acabado de habitacion general paredes laterales ,,,,,2023-08-09,,,, 14. INSTALACION Y APLICACION ACABADOS ,,,,,
1205227647287855,2023-08-07,,2023-08-09,11. Instalacion  LADRILLO NEGRO PARA COCINA MATE DECORCERAMICA ,,,,,2023-08-09,,,, 14. INSTALACION Y APLICACION ACABADOS ,,,,,
1205097949821081,2023-07-19,,2026-05-17,"15. CERRAMIENTOS , ",PRODUCCION,,,,2023-08-04,,"https://app.asana.com/app/asana/-/get_asset?asset_id=1205136634761614



",ALUZINA WORKFLOW FOR EVERY PROJECT,,,,,,
1205103383173386,2023-07-20,,2023-07-20,1. Pared divisria con ladrillo catalan delavanderia a alacena ,,,,,,,,,"15. CERRAMIENTOS , ",,,,,
1205097949821085,2023-07-19,,2023-07-20,"1. Muro de Dry wall que soporte anclaje de requerimientos de cocina , dividiendo alacena y cocina ",,,,,,,,,"15. CERRAMIENTOS , ",,,,,
1205097949821089,2023-07-19,,2023-07-20,2. Madera  ,,,,,,,,,"15. CERRAMIENTOS , ",,,,,
1205097949283091,2023-07-19,,2026-05-17,16. Accesorios de bano ,PRODUCCION,,,,2023-08-18,,"Las fechas de cotizacion y compra las pones tu , el tema es que esten en los tiempos antes de ser necesitados en obra 

",ALUZINA WORKFLOW FOR EVERY PROJECT,,,,,,
1205097949283095,2023-07-19,,2023-08-16,1. Habitacion principal ducha cuadrada mitad de bano y telefono  ,,,,,,,,,16. Accesorios de bano ,,,,,
1205097949283099,2023-07-19,,2023-07-31,"2. Elementos ducha , canilla , super baratos para cambio de bano huespedes ",,,,,,,,,16. Accesorios de bano ,,,,,
1205097949283131,2023-07-19,,2026-05-17,16. Tecnologia,PRODUCCION,,,,2023-08-25,,,ALUZINA WORKFLOW FOR EVERY PROJECT,,,,,,
1205097949283135,2023-07-19,,2023-07-20,"1. proyectores y Pantalla proyeccion , Habitacion pricipal y Cine  ",,,,,,,,,16. Tecnologia,,,,,
1205097949283143,2023-07-19,,2023-07-20,"3. Sistema Domotico para riego de plantas , apertura de cortinas y control luminico ",,,,,,,,,16. Tecnologia,,,,,
1205097949283151,2023-07-19,,2023-09-11,17. Iluminacion ,PRODUCCION,,,,2023-09-05,,,ALUZINA WORKFLOW FOR EVERY PROJECT,,,,,,
1205097953091203,2023-07-19,,2023-07-26,1. Perfiles led en el exterior y en escalas en terraza   ,,,,,,,"Diseño e instalación de perfiles led en terraza 
cotizacion ",,17. Iluminacion ,,,,,
1205097953091207,2023-07-19,,2023-07-20,2. Perfiles led en  area social y cada una de las habitaciones  ,,,,,,,,,17. Iluminacion ,,,,,
1205103383173424,2023-07-20,,2025-08-22,AREA SOCIAL EN CASETONES ,,,,,,,"Aca encuentras la intencion que son dentro de los casetones , en 
se quiere tener una cotizacion con cinta led varieble y otra con cinta led de 2.500 k solamente . . los perfiles son negros 
    En casetones es Perfil led duo angunlo negro
      En balcon es perfil led elegance para empotrar en materas con fuente ip 67h


https://app.asana.com/app/asana/-/get_asset?asset_id=1205103383173433

https://app.asana.com/app/asana/-/get_asset?asset_id=1205103383173435




",,2. Perfiles led en  area social y cada una de las habitaciones  ,,,,,
1205103383173438,2023-07-20,,2023-07-20,Perfil led en baños sociales  ,,,,,,,,,17. Iluminacion ,,,,,
1205103383173440,2023-07-20,,2023-07-20,Perfil led en habitacion principal ,,,,,,,,,17. Iluminacion ,,,,,
1205103383173441,2023-07-20,,2023-07-20,Perfil led en bano principal ,,,,,,,,,17. Iluminacion ,,,,,
1205097953091211,2023-07-19,,2023-07-20,3.Switches domoticos y switches dimmert ,,,,,,,,,17. Iluminacion ,,,,,
1205097953091215,2023-07-19,2023-07-24,2023-07-24,4. Iluminacion en mobilairio de la cocina  ,,,,,,,,,17. Iluminacion ,,,,,
1205097953091219,2023-07-19,,2023-07-20,5. Balas sobrepuestas extruidas negras  ,,Aleja Guerra lotero,,,,,,,17. Iluminacion ,,,,,
1205097953091223,2023-07-19,,2023-07-27,6.  Iluminacion decorativa ALUZINA ,,,,,,,,,17. Iluminacion ,,,,,
1205103383173453,2023-07-20,,2023-07-20,Luminarias metatron grande con acabado tipo repujado negro y plata ,,,,,,,"https://app.asana.com/app/asana/-/get_asset?asset_id=1205103383173455

https://app.asana.com/app/asana/-/get_asset?asset_id=1205103383173457


",,6.  Iluminacion decorativa ALUZINA ,,,,,
1205103383173459,2023-07-20,,2023-07-20,Luminarias circular cantidad 3 (habitacion huespedes ),,,,,,,,,6.  Iluminacion decorativa ALUZINA ,,,,,
1205103383173469,2023-07-20,,2023-07-20,Luminaria de bibioteca empotradas a la pared ,,,,,,,,,6.  Iluminacion decorativa ALUZINA ,,,,,
1205103383173471,2023-07-20,,2023-07-20,Luminaria de mesa con cargador  2,,,,,,,,,6.  Iluminacion decorativa ALUZINA ,,,,,
1205103383173465,2023-07-20,,2023-07-20,Luminarias baston 2 (habitacion principal),,,,,,,,,6.  Iluminacion decorativa ALUZINA ,,,,,
1205103383173467,2023-07-20,,2023-07-20,Luminaria cuadrado 2  (cine),,,,,,,,,6.  Iluminacion decorativa ALUZINA ,,,,,
1205097949283115,2023-07-19,,2026-05-17,18. Aviso luminoso en neon en lavanderia ,PRODUCCION,Aleja Guerra lotero,,,,,,ALUZINA WORKFLOW FOR EVERY PROJECT,,,,,,
1205224062304762,2023-08-07,,2023-09-26,19. Mobencion de mobiliario antiguo de la casa a la casa ,PRODUCCION,,,,2023-09-26,,,ALUZINA WORKFLOW FOR EVERY PROJECT,,,,,,
1205097953998533,2023-07-19,,2023-09-15,19. Mobiliario ,PRODUCCION,Aleja Guerra lotero,,,2023-09-15,,,ALUZINA WORKFLOW FOR EVERY PROJECT,,,,,,
1205097953998537,2023-07-19,,2023-10-05,1. Metalmecanica ,,,,,2023-10-05,,,,19. Mobiliario ,,,,,
1205097953998541,2023-07-19,,2023-07-20,1. Habitacion de huespedes ,,,,,,,,,1. Metalmecanica ,,,,,
1205097953998545,2023-07-19,,2023-07-19,2. Cinema ,,,,,,,,,1. Metalmecanica ,,,,,
1205097953998549,2023-07-19,,2023-10-05,2. Carpinteria  ,,,,,2023-10-05,,,,19. Mobiliario ,,,,,
1205097953998553,2023-07-19,,2023-07-19,1. beds ,,,,,,,,,2. Carpinteria  ,,,,,
1205097953998557,2023-07-19,,2023-07-19,2. night table ,,,,,,,,,2. Carpinteria  ,,,,,
1205097953998561,2023-07-19,,2023-07-19,3. Cinema ,,,,,,,,,2. Carpinteria  ,,,,,
1205097954024782,2023-07-19,,2023-07-19,4. Studio ,,,,,,,,,2. Carpinteria  ,,,,,
1205097954024786,2023-07-19,,2023-07-19,5. Bar ,,,,,,,,,2. Carpinteria  ,,,,,
1205098078907659,2023-07-19,,2023-08-07,3. Comprados de almacenes ,,,,,2023-10-02,,,,19. Mobiliario ,,,,,
1205224062304743,2023-08-07,,2023-08-07,4. Sofa ,,,,,2023-10-05,,,,19. Mobiliario ,,,,,
1205098078907663,2023-07-19,,2023-08-23,20. Elementos comprados por internet ,PRODUCCION,,,,2023-08-23,,,ALUZINA WORKFLOW FOR EVERY PROJECT,,,,,,
1205098078907667,2023-07-19,,2023-07-19,1.cuatro ambientes programados para la iluminacion,,,,,,,,,20. Elementos comprados por internet ,,,,,
1205098080299255,2023-07-19,,2023-08-25,21. Arte,PRODUCCION,Aleja Guerra lotero,,,2023-08-25,,,ALUZINA WORKFLOW FOR EVERY PROJECT,,,,,,
1205103383173416,2023-07-20,,2023-10-02,22. Detalles de casa ,PRODUCCION,Aleja Guerra lotero,,,2023-10-03,,,ALUZINA WORKFLOW FOR EVERY PROJECT,,,,,,
1205098080299259,2023-07-19,,2023-10-19,23.ROCSANA BOTÁNICA ,PRODUCCION,Aleja Guerra lotero,,,2023-10-19,,,ALUZINA WORKFLOW FOR EVERY PROJECT,,,,,,
1205098080299263,2023-07-19,,2023-10-20,ROCSANA BOTÁNICA,PRODUCCION,Aleja Guerra lotero,,,2023-10-20,,,ALUZINA WORKFLOW FOR EVERY PROJECT,,,,,,
1205097953858280,2023-07-19,,2026-05-17,14. ACABADOS ,COMPRAS DE MATERIAL DE OBRA,,,,2023-08-04,,En cada una de las actividades puedes poner si quieres las medidas o no la idea es que esta sea tu guia para que una ves este comprado se valla mostrando en el flujo de trabajo ,ALUZINA WORKFLOW FOR EVERY PROJECT,,,,,,
1205097953858284,2023-07-19,2023-08-07,2023-08-07,1. Baldosa balcon alfa ,,,,,2023-07-29,,,,14. ACABADOS ,,,,,
1205097953858288,2023-07-19,,2023-07-20,2. Ladrillo catalan ,,,,,,,,,14. ACABADOS ,,,,,
1205097953858292,2023-07-19,,2023-07-20,3. Acabado bano mosagres ,,,,,,,,,14. ACABADOS ,,,,,
1205103383173398,2023-07-20,2023-08-07,2023-08-07,4. AcBADO DE BANO PRINCIPAL Alfa ,,,,,,,,,14. ACABADOS ,,,,,
1205103383173399,2023-07-20,,2023-07-31,5. Acabado tipo piedra  ,,,,,,,"https://app.asana.com/app/asana/-/get_asset?asset_id=1205147717761546

 Sorry te lo envie por whats app pero olvide ponerlo aca 

",,14. ACABADOS ,,,,,
1205103383173405,2023-07-20,,2023-08-07,6. Papel colgadura ,,,,,2023-09-07,,,,14. ACABADOS ,,,,,
1205103383173406,2023-07-20,,2023-08-07,7. Mural en habitacion secundaria  ,,,,,2023-09-07,,,,14. ACABADOS ,,,,,
1205103383173407,2023-07-20,,2023-09-14,8. Pinturas colores y cantidades,,,,,2023-09-14,,,,14. ACABADOS ,,,,,
1205224062304737,2023-08-07,,2023-08-10,9. Acabado en area social ,,,,,2023-08-10,,,,14. ACABADOS ,,,,,
1205224062304738,2023-08-07,,2023-08-07,10 Acabado de habitacion general paredes laterales ,,,,,2023-08-09,,,,14. ACABADOS ,,,,,
1205224062304741,2023-08-07,,2023-08-09,11. LADRILLO NEGRO PARA COCINA MATE DECORCERAMICA ,,,,,2023-08-09,,,,14. ACABADOS ,,,,,
1205310461218416,2023-08-21,,2023-08-22,"COMPRA de acabados para bano principal, sanitario canilla y ducha negra, ladrillos de carga circulares , y enchape de ladrillo ",COMPRAS DE MATERIAL DE OBRA,,,,2023-08-22,,,ALUZINA WORKFLOW FOR EVERY PROJECT,,,,,,
1205403901457210,2023-09-01,2023-09-11,2023-09-11,segundo piso aplicacion concreto ,PISOS,,,,2023-09-07,,,ALUZINA WORKFLOW FOR EVERY PROJECT,,,,,,
1205403901457212,2023-09-01,2023-09-11,2023-09-11,segundo piso aplicacion concreto ,PISOS,,,,2023-09-04,,,ALUZINA WORKFLOW FOR EVERY PROJECT,,,,,,
1205321574144871,2023-08-21,2023-09-11,2023-09-11,mover concreto con pluma ,PISOS,,,,2023-09-04,,,ALUZINA WORKFLOW FOR EVERY PROJECT,,,,,,
1205321574144866,2023-08-21,2023-09-11,2023-09-11,secado piso,PISOS,,,,2023-09-07,,,ALUZINA WORKFLOW FOR EVERY PROJECT,,,,,,
1205321574144856,2023-08-21,2023-09-11,2023-09-11,secado piso,PISOS,,,,2023-09-08,,,ALUZINA WORKFLOW FOR EVERY PROJECT,,,,,,
1205321574144848,2023-08-21,2023-09-11,2023-09-11,secado piso,PISOS,,,,2023-09-09,,,ALUZINA WORKFLOW FOR EVERY PROJECT,,,,,,
1205321574144847,2023-08-21,2023-09-11,2023-09-11,secado piso,PISOS,,,,2023-09-10,,,ALUZINA WORKFLOW FOR EVERY PROJECT,,,,,,
1205321574144846,2023-08-21,,2023-09-17,piso seco,PISOS,,,,2023-09-11,,,ALUZINA WORKFLOW FOR EVERY PROJECT,,,,,,
1205321574144845,2023-08-21,,2023-09-01,secado piso,PISOS,,,,2023-09-12,,,ALUZINA WORKFLOW FOR EVERY PROJECT,,,,,,
1205321574144844,2023-08-21,,2023-09-01,secado piso,PISOS,,,,2023-09-13,,,ALUZINA WORKFLOW FOR EVERY PROJECT,,,,,,
1205321574144843,2023-08-21,,2023-09-01,secado piso,PISOS,,,,2023-09-14,,,ALUZINA WORKFLOW FOR EVERY PROJECT,,,,,,
1205321570479145,2023-08-21,,2023-09-01,secado piso,PISOS,,,,2023-09-15,,,ALUZINA WORKFLOW FOR EVERY PROJECT,,,,,,
1205321570479144,2023-08-21,,2023-09-01,secado piso,PISOS,,,,2023-09-16,,,ALUZINA WORKFLOW FOR EVERY PROJECT,,,,,,
1205321570479143,2023-08-21,,2023-09-01,secado piso,PISOS,,,,2023-09-17,,,ALUZINA WORKFLOW FOR EVERY PROJECT,,,,,,
1205321570479142,2023-08-21,,2023-09-01,secado piso,PISOS,,,,2023-09-18,,,ALUZINA WORKFLOW FOR EVERY PROJECT,,,,,,
1205321570479141,2023-08-21,,2023-09-01,secado piso,PISOS,,,,2023-09-19,,,ALUZINA WORKFLOW FOR EVERY PROJECT,,,,,,
1205403901457222,2023-09-01,,2023-09-01,secado piso ,PISOS,,,,2023-09-20,,,ALUZINA WORKFLOW FOR EVERY PROJECT,,,,,,
1205403901457224,2023-09-01,,2023-09-01,secado piso ,PISOS,,,,2023-09-21,,,ALUZINA WORKFLOW FOR EVERY PROJECT,,,,,,
1205403901457226,2023-09-01,,2023-09-01,secado piso ,PISOS,,,,2023-09-22,,,ALUZINA WORKFLOW FOR EVERY PROJECT,,,,,,
1205403901457228,2023-09-01,,2023-09-01,secado piso ,PISOS,,,,2023-09-23,,,ALUZINA WORKFLOW FOR EVERY PROJECT,,,,,,
1205403901457230,2023-09-01,,2023-09-01,secado piso ,PISOS,,,,2023-09-24,,,ALUZINA WORKFLOW FOR EVERY PROJECT,,,,,,
1205321574144875,2023-08-21,,2023-09-18,cubrimiento con plastico y carton todo el apartamento ,PISOS,,,,2023-09-18,,,ALUZINA WORKFLOW FOR EVERY PROJECT,,,,,,
